{
  "globalDependencies": {
    "body-parser": "registry:dt/body-parser#0.0.0+20160619023215",
    "cookie-parser": "registry:dt/cookie-parser#1.3.4+20160316155526",
    "express-session": "registry:dt/express-session#0.0.0+20160819134112",
    "fast-json-patch": "registry:dt/fast-json-patch#1.0.0+20160803194703",
    "form-data": "registry:dt/form-data#0.0.0+20160724024111",
    "lodash": "registry:dt/lodash#4.14.0+20160919145112",
    "mongodb": "registry:dt/mongodb#2.1.0+20160602142941",
    "morgan": "registry:dt/morgan#1.7.0+20160524142355",
    "node": "registry:dt/node#6.0.0+20160920093002",
    "optimist": "registry:dt/optimist#0.0.0+20160316171810",
    "request": "registry:dt/request#0.0.0+20160726020908",
    "shortid": "registry:dt/shortid#0.0.0+20160316155526",
    "socket.io": "registry:dt/socket.io#1.4.4+20160909205835"
  },
  "dependencies": {
    "express": "registry:npm/express#4.14.0+20160911114220"
  }
}
